Post ID,Permalink,Post Message,Type,Countries,Languages,Posted,Audience Targeting,Lifetime Post Total Reach,Lifetime Post organic reach,Lifetime Post Paid Reach,Lifetime Post Total Impressions,Lifetime Post Organic Impressions,Lifetime Post Paid Impressions,Lifetime Engaged Users,Lifetime Matched Audience Targeting Consumers on Post,Lifetime Matched Audience Targeting Consumptions on Post,Lifetime Negative Feedback from Users,Lifetime Negative Feedback,Lifetime Post Impressions by people who have liked your Page,Lifetime Post reach by people who like your Page,Lifetime Post Paid Impressions by people who have liked your Page,Lifetime Paid reach of a post by people who like your Page,Lifetime People who have liked your Page and engaged with your post,Lifetime Organic views to 95%,Lifetime Organic views to 95%.1,Lifetime Paid views to 95%,Lifetime Paid views to 95%.1,Lifetime Organic Video Views,Lifetime Organic Video Views.1,Lifetime Paid Video Views,Lifetime Paid Video Views.1,Lifetime Average time video viewed,Lifetime Video length,Lifetime Talking About This (Post) by action type - like,Lifetime Talking About This (Post) by action type - share,Lifetime Talking About This (Post) by action type - comment,Lifetime Post Stories by action type - like,Lifetime Post Stories by action type - share,Lifetime Post Stories by action type - comment,Lifetime Post Audience Targeting Unique Consumptions by Type - video play,Lifetime Post Audience Targeting Unique Consumptions by Type - other clicks,Lifetime Post Audience Targeting Unique Consumptions by Type - link clicks,Lifetime Matched Audience Targeting Consumptions by Type - video play,Lifetime Matched Audience Targeting Consumptions by Type - other clicks,Lifetime Matched Audience Targeting Consumptions by Type - link clicks,Project ID
,,,,,,,,"Lifetime: The number of people who had your Page's post enter their screen. Posts include statuses, photos, links, videos and more. (Unique Users)",Lifetime: The number of people who had your Page's post enter their screen through unpaid distribution. (Unique Users),Lifetime: The number of people who had your Page's post enter their screen through paid distribution such as an ad. (Unique Users),"Lifetime: The number of times your Page's post entered a person's screen. Posts include statuses, photos, links, videos and more. (Total Count)",Lifetime: The number of times your Page's posts entered a person's screen through unpaid distribution. (Total Count),Lifetime: The number of times your Page's post entered a person's screen through paid distribution such as an ad. (Total Count),"Lifetime: The number of unique people who engaged in certain ways with your Page post, for example by commenting on, liking, sharing, or clicking upon particular elements of the post. (Unique Users)",Lifetime: The number of people who matched the audience targeting that clicked anywhere in your post on News Feed. (Unique Users),Lifetime: The number of clicks anywhere in your post on News Feed from the user that matched the audience targeting on it. (Total Count),Lifetime: The number of people who have given negative feedback to your post. (Unique Users),Lifetime: The number of times people have given negative feedback to your post. (Total Count),Lifetime: The number of impressions of your Page post to people who have liked your Page. (Total Count),Lifetime: The number of people who saw your Page post because they've liked your Page (Unique Users),Lifetime: The number of paid impressions of your Page post to people who have liked your Page. (Total Count),Lifetime: The number of people who like your Page and who saw your Page post in an ad or sponsored story. (Unique Users),Lifetime: The number of people who have liked your Page and clicked anywhere in your posts. (Unique Users),Lifetime: Number of times your video was viewed to 95% of its length without any paid promotion. (Unique Users),Lifetime: Number of times your video was viewed to 95% of its length without any paid promotion. (Total Count),Lifetime: Number of times your video was viewed to 95% of its length after paid promotion. (Unique Users),Lifetime: Number of times your video was viewed to 95% of its length after paid promotion. (Total Count),Lifetime: Number of times your video was viewed for more than 3 seconds without any paid promotion. (Unique Users),Lifetime: Number of times your video was viewed for more than 3 seconds without any paid promotion. (Total Count),Lifetime: Number of times your video was viewed more than 3 seconds after paid promotion. (Unique Users),Lifetime: Number of times your video was viewed more than 3 seconds after paid promotion. (Total Count),Lifetime: Average time video viewed (Total Count),Lifetime: Length of a video post (Total Count),Lifetime: The number of unique people who created a story about your Page post by interacting with it. (Unique Users),,,"Lifetime: The number of stories created about your Page post, by action type. (Total Count)",,,"Lifetime: The number of people who matched the audience targeting on the post that clicked anywhere in the post on News Feed, by type. (Unique Users)",,,"Lifetime: The number of clicks anywhere in the post on News Feed from users that matched the audience targeting on the post, by type. (Total Count)",,,
357045034501999_588507541355746,https://www.facebook.com/weareotv/videos/588507541355746/,Interview with Ricardo Gamboa and Reshmi Hazra Rustebakke of Brujos !,Video,,,01/31/2017 05:15:51 PM, ,508,471,0,788,750,0,18,13,25,0,0,334,174,0,0,9,3,4,0,0,48,60,0,0,0,676182,6,,,6,,,9,5.0,,13,6.0,,B
357045034501999_588495974690236,https://www.facebook.com/weareotv/videos/588495974690236/,Interview with Hannah Welever and Minita Gandhi of Brown Girls,Video,,,01/31/2017 04:51:18 PM, ,512,512,0,765,765,0,9,8,19,0,0,331,202,0,0,5,2,2,0,0,39,45,0,0,0,620459,1,,,1,,,5,4.0,,9,4.0,,BG
357045034501999_588483508024816,https://www.facebook.com/weareotv/videos/588483508024816/,Interview with Kayla Ginsburg and Ruby Western of Afternoon Snatch !,Video,,,01/31/2017 04:27:02 PM, ,2556,2460,0,3043,2902,0,27,24,59,0,0,358,193,0,0,11,3,3,0,0,84,110,0,0,0,661328,7,2.0,2.0,7,2.0,2.0,15,14.0,,26,19.0,,AS
357045034501999_588477614692072,https://www.facebook.com/weareotv/videos/588477614692072/,#opentvtonight,Video,,,01/31/2017 04:05:27 PM, ,623,612,0,994,981,0,5,5,6,0,0,439,229,0,0,4,2,2,0,0,24,28,0,0,0,36438,1,,,1,,,5,,,5,,,None
357045034501999_588475018025665,https://www.facebook.com/weareotv/posts/588475018025665:0,Look at this beautiful crowd showing out for #OpenTVTonight!,Photo,,,01/31/2017 03:56:52 PM, ,0,0,0,0,0,0,0,0,0,0,0,0,0,0,0,0,0,0,0,0,0,0,0,0,0,0,,,,13,,,,,,,,,None
357045034501999_588458271360673,https://www.facebook.com/weareotv/posts/588458271360673:0,#behindthescenes of #OpenTVTonight ! We start at 6pm doors at 5:30pm. We are guaranteed to fill up so make sure you grab a seat!,Photo,,,01/31/2017 02:50:38 PM, ,0,0,0,0,0,0,0,0,0,0,0,0,0,0,0,0,0,0,0,0,0,0,0,0,0,0,,,,,,,,,,,,,None
357045034501999_588410004698833,https://www.facebook.com/weareotv/posts/588410004698833,"This just in: We're premiering a very exclusive teaser of #2QIK Season Two tonight at MCA Screen: #OpenTVTonight! Don't miss a chance to see who will star in the second season of &quot;Two Queens in a Kitchen&quot;! Doors at 5:30pm! Program starts promptly at 6pm. See you at #OpenTVTonight! 

BTS photos Alexus McLane &lt;3 &lt;3 &lt;3",Photo,,,01/31/2017 12:17:31 PM, ,0,0,0,0,0,0,0,0,0,0,0,0,0,0,0,0,0,0,0,0,0,0,0,0,0,0,,,,2,,,,,,,,,None
357045034501999_588335291372971,https://www.facebook.com/weareotv/posts/588335291372971,"The day is finally here! Don't miss these exclusive sneak previews of Afternoon Snatch , Brujos , and Brown Girls. Thank you to everyone that has made this night possible, we can't wait to celebrate with you all at the MCA Screen: #OpenTVTonight After Party co-hosted by Party Noire as well!",Link,,,01/31/2017 08:28:08 AM, ,0,0,0,0,0,0,0,0,0,0,0,0,0,0,0,0,0,0,0,0,0,0,0,0,0,0,,,,1,,,,,,,,,AS|B|BG
357045034501999_588012501405250,https://www.facebook.com/weareotv/posts/588012501405250,Sending special thanks to the Chicago Reader for featuring MCA Screen: #OpenTVTonight in your weekly roundup of cultural happenings around Chicago! Make sure to arrive early and get a good seat! We're cooking up a program that you definitely don't want to miss! #weareopentv #opentvcommunity,Link,,,01/30/2017 04:50:45 PM, ,0,0,0,0,0,0,0,0,0,0,0,0,0,0,0,0,0,0,0,0,0,0,0,0,0,0,,,,1,,,,,,,,,None
357045034501999_588011734738660,https://www.facebook.com/weareotv/posts/588011734738660,"Chicagoist recommends you go to MCA Screen: #OpenTVTonight tomorrow and interviews the creators of Afternoon Snatch! 

&quot;You may need to brush up on your queer theory before taking a look‚Äîwe counted two uses of the term 'heteronormativity' in the trailers alone‚Äîand that's a good thing. These shows promise to be smart and careful with themes that speak to a LGBTQ audiences and audiences of color that are often overlooked in mainstream film, if not made into stereotypes.&quot;",Link,,,01/30/2017 04:47:23 PM, ,0,0,0,0,0,0,0,0,0,0,0,0,0,0,0,0,0,0,0,0,0,0,0,0,0,0,,,,19,5.0,,,,,,,,AS
357045034501999_587958268077340,https://www.facebook.com/weareotv/posts/587958268077340,"Great conversation between #BrownGirlsTV creator Fatimah Asghar and Colorlines. Says Fatimah: &quot;I'm from Cambridge, Massachusetts, but feel like Chicago has raised me in terms of my artistic voice. There are a lot of shows set in Chicago that I think are great, but they don‚Äôt talk about individual neighborhoods. They show shots of downtown and The Bean, and that‚Äôs it. I wanted to show the everyday Chicago. We wanted to show what it means to wait for the bus, or walk to a caf√©, or walk to a house party; the color of the communities, the richness of Chicago.&quot;",Link,,,01/30/2017 01:59:30 PM, ,0,0,0,0,0,0,0,0,0,0,0,0,0,0,0,0,0,0,0,0,0,0,0,0,0,0,,,,3,1.0,,,,,,,,None
357045034501999_587464444793389,https://www.facebook.com/weareotv/posts/587464444793389,A message from the #BrownGirlsTV team:,Photo,,,01/29/2017 11:16:25 AM, ,0,0,0,0,0,0,0,0,0,0,0,0,0,0,0,0,0,0,0,0,0,0,0,0,0,0,,,,10,,,,,,,,,None
357045034501999_587072534832580,https://www.facebook.com/weareotv/posts/587072534832580,"This is premiering at the #OpenTVTonight after party! MCA Screen: #OpenTVTonight After Party co-hosted by Party Noire. Come through! And make sure you catch the premieres of Brujos, Brown Girls, and Afternoon Snatch first at MCA Screen: #OpenTVTonight!",SharedVideo,,,01/28/2017 12:41:44 PM, ,53,41,0,78,65,0,10,1,1,0,0,64,40,0,0,5,0,0,0,0,30,33,0,0,0,39017,10,,,11,,,,1.0,,,1.0,,B|BG|AS
357045034501999_585781601628340,https://www.facebook.com/weareotv/posts/585781601628340,Thank you to VICE and Broadly for this write up on Brown Girls! Get a more in depth look at the origins and filming of Brown Girls from creator Fatimah Asghar and director Samantha Bailey.,Link,,,01/25/2017 03:08:34 PM, ,0,0,0,0,0,0,0,0,0,0,0,0,0,0,0,0,0,0,0,0,0,0,0,0,0,0,,,,4,,,,,,,,,BG|BG
357045034501999_585685928304574,https://www.facebook.com/weareotv/posts/585685928304574,"Brown Girls premieres in 3 weeks! Thanks Broadly for interviewing the creative team. 

Creator/writer Fatimah Asghar says: &quot;I often feel like the more specific a story is, the more universal it feels. Because it feels real.&quot;

Director/producer Samantha Bailey says: &quot;A webseries has always been a way for me to see myself in media in a way that hasn't always been possible. I've always been a fan of work on the internet because it levels the playing field.&quot;",Link,,,01/25/2017 10:56:45 AM, ,0,0,0,0,0,0,0,0,0,0,0,0,0,0,0,0,0,0,0,0,0,0,0,0,0,0,,,,11,3.0,,,,,,,,BG
357045034501999_585179005021933,https://www.facebook.com/weareotv/posts/585179005021933,"MCA Screen: #OpenTVTonight is one week away! We are so pumped to share our second cycle with you all. In the meantime, enjoy the OPEN TV - beta trailer introducing the second cycle.",SharedVideo,,,01/24/2017 10:45:43 AM, ,242,78,0,513,129,0,15,13,22,0,0,499,232,0,0,15,0,0,0,0,31,34,0,0,0,184574,5,,,5,,,,13.0,,,22.0,,OTV
357045034501999_584804845059349,https://www.facebook.com/weareotv/posts/584804845059349,Check this exclusive preview for Party Noire's new film! Catch the full film's world premiere only at MCA Screen: #OpenTVTonight After Party co-hosted by Party Noire ! RSVP today qts üòò,SharedVideo,,,01/23/2017 03:56:55 PM, ,67,32,0,129,66,0,7,4,5,0,0,125,63,0,0,5,0,0,0,0,15,18,0,0,0,39017,4,,,4,,,,4.0,,,5.0,,None
357045034501999_583049061901594,https://www.facebook.com/weareotv/videos/583049061901594/,"Now presenting: The Open TV Trailer! The trailer includes a look back at some of our best moments from the First Cycle and a sneak peak at the Second Cycle featuring Afternoon Snatch, Brown Girls, and Brujos.",Video,,,01/20/2017 12:11:26 PM, ,13977,3235,6571,23974,3709,11047,430,331,483,0,0,3902,737,2273,546,156,89,90,87,90,1545,1751,2107,2806,0,184574,185,29.0,15.0,248,32.0,16.0,111,244.0,7.0,114,351.0,12.0,OTV|AS|BG|B
357045034501999_582968728576294,https://www.facebook.com/weareotv/posts/582968728576294,"Thank you Out Magazine for covering this exclusive sneak peek of Brown Girls!

Creator Fatimah Asghar says: &quot;I hope that it shows the complications of communities of color and queer communities. So many times American media is shown in binary fashion. I hope this show helps show that's not the reality for many of us. We exist across racial lines all the time, across lines of queerness and sexuality. We are real people who make complicated relationships with each other.&quot;

Full interview with Asghar and Samantha Bailey here: http://www.out.com/out-exclusives/2017/1/19/watch-exclusive-preview-brown-girls-new-queer-web-series-about-two-women-color",SharedVideo,,,01/20/2017 08:00:37 AM, ,646,122,0,978,206,0,53,46,60,0,0,451,264,0,0,32,0,0,0,0,107,110,0,0,0,83390,13,,1.0,13,,1.0,,44.0,3.0,,57.0,3.0,BG
357045034501999_582631501943350,https://www.facebook.com/weareotv/posts/582631501943350,"Did you check the sneak peak of Brown Girls that came out ?? Check it on our page and come to the Brown Girls Release Party! There's an unbelievably stacked lineup featuring Jamila Woods Sonia Denis Nabila Hossain Swati Wangnoo Tiwari Lisa Mishra Music and Po'Chop! You don't want to miss this, RSVP today.",Link,,,01/19/2017 12:55:59 PM, ,0,0,0,0,0,0,0,0,0,0,0,0,0,0,0,0,0,0,0,0,0,0,0,0,0,0,,,,4,,,,,,,,,BG|BG
357045034501999_582630791943421,https://www.facebook.com/weareotv/posts/582630791943421,Check the sneak peak though!! #nodirtybutt2017,Link,,,01/19/2017 12:52:11 PM, ,0,0,0,0,0,0,0,0,0,0,0,0,0,0,0,0,0,0,0,0,0,0,0,0,0,0,,,,6,,,,,,,,,None
357045034501999_581652228707944,https://www.facebook.com/weareotv/posts/581652228707944,Check out the world premiere of &quot;I Ain't Got It&quot; by Daryn Alexus with Jamila Woods and Po'Chop directed by Samantha Bailey of Brown Girls and produced by VAM !! &lt;3 #blackgirlmagic #veryrelatable #newphonewhodis,Link,,,01/17/2017 08:55:38 AM, ,0,0,0,0,0,0,0,0,0,0,0,0,0,0,0,0,0,0,0,0,0,0,0,0,0,0,,,,5,1.0,,,,,,,,BG
357045034501999_581204892086011,https://www.facebook.com/weareotv/posts/581210995418734:0,"#2QIK Season Two is a wrap! Thank you to Rain Studio for being such gracious and welcoming hosts, shout out to VAM for turning it out as usual, thank you to all of the incredible artists that donated their work: Leah Ball Ceramics, Laura Paola, Karmen Elaine, Darien R Wendell, Rashaad Hall, Alexandria Eregbu, Jasmine Clark, Janice Bond, Zakkiyyah Najeebah, Taylor Mauch, Jacquelyn Carmen Guerrero. 

MASSIVE thank you to our brilliant guest stars: Oli Rodriguez, Felicia Holman, Rashaad Hall, Nathaniel Tenenbaum, Kristen Kaza &amp; coriama couture. 

And of course to our phenomenal PAs Croak Proveda and Zac Hall. 

Look out for the release of Two Queens in a Kitchen Season Two this spring! We did the damn thang y'all. 

Watch Season One now: www.weareopen.tv/open-tv-originals/2qik

photo credit: Chris Walker",Photo,,,01/16/2017 08:56:27 AM, ,0,0,0,0,0,0,0,0,0,0,0,0,0,0,0,0,0,0,0,0,0,0,0,0,0,0,,,,12,1.0,,,,,,,,TQIK
357045034501999_580395975500236,https://www.facebook.com/weareotv/posts/580395975500236:0,Rolling! Filming of #2QIK Season Two is in the works. Shout out to VAM for rolling deep with the flyest squad.,Photo,,,01/14/2017 12:54:09 PM, ,0,0,0,0,0,0,0,0,0,0,0,0,0,0,0,0,0,0,0,0,0,0,0,0,0,0,,,,6,,,,,,,,,None
357045034501999_579564522250048,https://www.facebook.com/weareotv/posts/579564522250048,"Power couple in art and in love, step into the home of Jordan Phelps and Vincent Martell, cofounders and woke baes of VAM.  The VAM crew will be filming Two Queens in a Kitchen (LIVE) this Saturday! There are only a couple tickets left to sit in the live audience, so grab em rull quick üòò",Link,,,01/12/2017 03:15:28 PM, ,0,0,0,0,0,0,0,0,0,0,0,0,0,0,0,0,0,0,0,0,0,0,0,0,0,0,,,,7,,3.0,,,,,,,TQIK
357045034501999_578955772310923,https://www.facebook.com/weareotv/posts/578955772310923,Calling all artists: Both Threewalls and Links Hall have supported many of our artists so consider staging a performance for their fundraiser! Threewalls also has a separate call for visual artists: http://three-walls.org/thawalls-is-coming,Link,,,01/11/2017 07:34:10 AM, ,0,0,0,0,0,0,0,0,0,0,0,0,0,0,0,0,0,0,0,0,0,0,0,0,0,0,,,,5,,,,,,,,,None
357045034501999_578577592348741,https://www.facebook.com/weareotv/posts/578577592348741,"Join us as we premiere a new slate of original pilots and series in the Museum of Contemporary Art Chicago 's Edlis Neeson Theater! 

Open TV will screen new projects from the upcoming 2017 season, interview the creators, and take questions and feedback from the audience in the iconic style of The Late Show with Stephen Colbert, all while DJ Hijo Pr√≥digo spins original beats. Featuring appearances by Fatimah Asghar &amp; Samantha Bailey (Brown Girls), Kayla Ginsburg &amp; Ruby Western (Afternoon Snatch), Ricardo Gamboa (Brujos), and more!",Link,,,01/10/2017 02:10:12 PM, ,0,0,0,0,0,0,0,0,0,0,0,0,0,0,0,0,0,0,0,0,0,0,0,0,0,0,,,,3,,,,,,,,,OTV|BG|AS|B
357045034501999_578291939043973,https://www.facebook.com/weareotv/posts/578291939043973,&quot;We are calling it: 2017 is gonna be the year for POC-created media.&quot;,Link,,,01/09/2017 06:56:40 PM, ,0,0,0,0,0,0,0,0,0,0,0,0,0,0,0,0,0,0,0,0,0,0,0,0,0,0,,,,18,,,,,,,,,None
357045034501999_578282419044925,https://www.facebook.com/weareotv/posts/578282419044925,"Photos from Canvas' #VoyagerNYE are in! Catch some of folx from the #OpenTVCommunity front and center! 

cc: Cqqchifruit Eli Micky, Jen Delos Reyes and Kristen Kaza, Audio Jack and many more! &lt;3 &lt;3 &lt;3",Photo,,,01/09/2017 06:32:41 PM, ,0,0,0,0,0,0,0,0,0,0,0,0,0,0,0,0,0,0,0,0,0,0,0,0,0,0,,,,3,,,,,,,,,None
357045034501999_578184282388072,https://www.facebook.com/weareotv/posts/578184282388072,"Welcome to the second development report for Open TV!

This is your opportunity to get the inside scoop on how Open TV is developing innovative queer television. If you‚Äôre new to Open TV, you might want to read our origin story and the previous report from halfway cycle one. The first report includes what I look for when I receive pitches and how we develop programming.

This report marks the end of the first cycle of programming. What‚Äôs a cycle? It‚Äôs kind of like a ‚Äúseason‚Äù of TV. Increasingly, TV is released all year round, not in seasons, but I still think there‚Äôs value in taking a break.

Open TV‚Äôs first cycle of original programming ran from March 2015 to July 2016 as we built up our content library. The second cycle begins January 31st at the Museum of Contemporary Chicago, where we will screen the pilots for our new original series! Before then we are going into ‚Äúre-runs‚Äù with the debut of Open TV Re-Presents, starting with Kalup Linzy‚Äôs epic MoMA-set black queer drama, Melody Set Me Free!",Link,,,01/09/2017 12:00:01 PM, ,0,0,0,0,0,0,0,0,0,0,0,0,0,0,0,0,0,0,0,0,0,0,0,0,0,0,,,,4,4.0,,,,,,,,OTV|OTV|OTV|OTV|OTV|MSMF
357045034501999_578183522388148,https://www.facebook.com/weareotv/posts/578183522388148,"Now presenting: How to Develop with Open TV. 

At its core, Open TV - beta is indeed a research project and aims to be as transparent as possible with its development process. To aid in this, Aymar Jean Christian writes annual development reports and this segment, How to Develop with Open TV.",Link,,,01/09/2017 11:23:59 AM, ,0,0,0,0,0,0,0,0,0,0,0,0,0,0,0,0,0,0,0,0,0,0,0,0,0,0,,,,4,,,,,,,,,OTV|OTV|OTV
357045034501999_577565379116629,https://www.facebook.com/weareotv/posts/577565379116629,Thank you VICE for recommending #FullOutSeries!,Link,,,01/07/2017 04:12:01 PM, ,0,0,0,0,0,0,0,0,0,0,0,0,0,0,0,0,0,0,0,0,0,0,0,0,0,0,,,,7,,1.0,,,,,,,None
357045034501999_577138909159276,https://www.facebook.com/weareotv/posts/577138909159276,"You can catch most of the Open TV fam in this video introducing People Who Care, a non-for-profit and grassroots consultancy specializing in creative direction, campaign development &amp; management, community organization and cultural productions led by our very own Eli Micky. 

Check out www.peoplewho.care to get hip to all of this goodness.",Link,,,01/06/2017 12:19:12 PM, ,0,0,0,0,0,0,0,0,0,0,0,0,0,0,0,0,0,0,0,0,0,0,0,0,0,0,,,,4,,1.0,,,,,,,OTV
357045034501999_577116492494851,https://www.facebook.com/weareotv/posts/577116492494851,"#FlashbackFriday to this great coverage from Out Magazine on Brujos, a series by Ricardo Gamboa! Check out our instagram @weareopentv for a behind the scenes shot from a live reading of Season One from last night. 

Series premiere is this spring-- get hype!",Link,,,01/06/2017 11:15:48 AM, ,0,0,0,0,0,0,0,0,0,0,0,0,0,0,0,0,0,0,0,0,0,0,0,0,0,0,,,,7,5.0,4.0,,,,,,,B
357045034501999_576426079230559,https://www.facebook.com/weareotv/posts/576426079230559,The Chicago Onscreen Local Film Showcase - Events | Chicago Park District,,,,01/04/2017 02:46:34 PM, ,0,0,0,0,0,0,0,0,0,0,0,0,0,0,0,0,0,0,0,0,0,0,0,0,0,0,,,,2,,,,,,,,,None
357045034501999_576376152568885,https://www.facebook.com/weareotv/posts/576376152568885,"Check out our VAM fam building the capacity &lt;3 . These folks have been glowing up so hard and putting out beautiful work, 2017 is bound to be a huge year for them and for YOU if you get in there.",Link,,,01/04/2017 10:50:48 AM, ,0,0,0,0,0,0,0,0,0,0,0,0,0,0,0,0,0,0,0,0,0,0,0,0,0,0,,,,4,,1.0,,,,,,,None
357045034501999_575639795975854,https://www.facebook.com/weareotv/posts/575639795975854,"Happy new year cuties! 

Wishing you all an empowering 2017. 

Heads up, you have 3 MORE DAYS to submit your artwork for consideration for the second season of Two Queens in a Kitchen! Fill out the form here goo.gl/forms/r5Oa1uxROYSmfpYd2.",,,,01/02/2017 12:17:31 PM, ,0,0,0,0,0,0,0,0,0,0,0,0,0,0,0,0,0,0,0,0,0,0,0,0,0,0,,,,1,1.0,1.0,,,,,,,TQIK
